71139.947988,71139.947988,0,0,0,0,70547.118608,70547.118608
43612.280624,43612.280624,0,0,0,0,43173.64633,43173.64633
70870.691282,70870.691282,0,0,0,0,70247.89581999999,70247.89581999999
30878.580876,30878.580876,0,0,0,0,30432.867672,30432.867672
34526.957226,34526.957226,0,0,0,0,34301.323814,34301.323814
11324.988835999999,11324.988835999999,0,0,0,0,11241.473342,11241.473342
29304.215647999998,29304.215647999998,0,0,0,0,29129.996241999994,29129.996241999994
66820.64741,66820.64741,0,0,0,0,65232.78141,65232.78141
26356.565346,26356.565346,0,0,0,0,25754.271346,25754.271346
1042.7342107652,1042.7342107652,0,0,0,0,1042.517412216158,1042.7342107652
38709.763904,38709.763904,0,0,0,0,37943.207904,37943.207904
33072.057404,33072.057404,0,0,0,0,32313.323404,32313.323404
2092.6319170740003,2092.6319170740003,0,0,0,0,2092.619311271774,2092.6319170740003
25704.820662,25704.820662,0,0,0,0,24844.400662,24844.400662
17810.099528000002,17810.099528000002,0,0,0,0,17593.469238,17593.469238
126321.84267599999,126321.84267599999,0,0,0,0,121910.234676,121910.234676
781.0403814602,781.0403814602,0,0,0,0,781.0224445973399,781.0403814602
2183.5161887500003,2183.5161887500003,0,0,0,0,2183.501239281024,2183.51618875
1230.4237937944001,1230.4237937944001,0,0,0,0,1230.406963142246,1230.4237937944
1291.5866212136,1291.5866212136,0,0,0,0,1291.5777840275077,1291.5866212136
5276.664441221401,5276.664441221401,0,0,0,0,5275.727249511633,5276.6644412214
29588.975558,29588.975558,0,0,0,0,28650.335558,28650.335558
455.1094589378,455.1094589378,0,0,0,0,455.00231274376796,455.10945893779996
924.9896432008001,924.9896432008001,0,0,0,0,924.885140662862,924.9896432008001
192934.769054,192934.769054,0,0,0,0,189414.869054,189414.869054
74471.23610200001,74471.23610200001,0,0,0,0,72554.84610200001,72554.84610200001
21970.034678,21970.034678,0,0,0,0,21039.216678,21039.216678
932.4993764456001,932.4993764456001,0,0,0,0,932.49331416094,932.4993764456001
37.289300437,37.289300437,0,0,0,0,37.281494464278,37.289300436999994
2009.0992264070003,2009.0992264070003,0,0,0,0,2008.8709351341538,2009.099226407
40210.836992000004,40210.836992000004,0,0,0,0,39272.196992,39272.196992
120633.715564,120633.715564,0,0,0,0,118099.387564,118099.387564
19018.864476000002,19018.864476000002,0,0,0,0,18205.376476,18205.376476
59274.73272199999,59274.73272199999,0,0,0,0,57843.306721999994,57843.306721999994
1304.7861523496001,1304.7861523496001,0,0,0,0,1304.777221416838,1304.7861523496001
36543.265454,36543.265454,0,0,0,0,35495.117454,35495.117454
24.6105366,24.6105366,0,0,0,0,24.6098374665,24.6105366
1043.3141901636,1043.3141901636,0,0,0,0,1043.25478602371,1043.3141901635997
10241.727878,10241.727878,0,0,0,0,9600.323878,9600.323878
702.8925323704001,702.8925323704001,0,0,0,0,702.88806377913,702.8925323704
2062.3008738514,2062.3008738514,0,0,0,0,1984.081691633678,1986.4227806513998
420.1806996514,420.1806996514,0,0,0,0,422.855873375854,422.99184979579996
736.6750823716,736.6750823716,0,0,0,0,736.6489333004479,736.6750823716
804.455799715,804.455799715,0,0,0,0,804.435350441384,804.455799715
230.4093155704,230.4093155704,0,0,0,0,230.38567891000397,230.40931557039997
12203.53241,12203.53241,0,0,0,0,12031.338902,12031.338902
1173.2202811608001,1173.2202811608001,0,0,0,0,1139.9331355608,1139.9331355608
726.014836037,726.014836037,0,0,0,0,725.994205519822,726.0148360369999
13405.413998,13405.413998,0,0,0,0,13269.444172,13269.444172
740.2137066752,740.2137066752,0,0,0,0,740.1926761722301,740.2137066752
2005.1825233868,2005.1825233868,0,0,0,0,2005.1200943543581,2005.1825233868
34798.263296,34798.263296,0,0,0,0,33867.445296,33867.445296
446.4291422736,446.4291422736,0,0,0,0,446.360263470262,446.4291422736
15616.411806,15616.411806,0,0,0,0,15319.175806,15319.175806
22599.94816,22599.94816,0,0,0,0,22107.16216,22107.16216
17253.603338,17253.603338,0,0,0,0,16760.817338,16760.817338
7712.789236,7712.789236,0,0,0,0,7595.310617999999,7595.310617999999
1761.34368485,1761.34368485,0,0,0,0,1761.291486704144,1761.34368485
2300.4155837390003,2300.4155837390003,0,0,0,0,2297.50496485783,2300.4155837390003
753.5176091037999,753.5176091037999,0,0,0,0,753.4274560561499,753.5176091037999
341.00413710280003,341.00413710280003,0,0,0,0,340.968082133518,341.00413710280003
236.0797391498,236.0797391498,0,0,0,0,236.06836455384,236.07973914979996
1034.5507514520002,1034.5507514520002,0,0,0,0,1034.376582638696,1034.5507514520002
33357.724666,33357.724666,0,0,0,0,32505.126666,32505.126666
758.8536695602,758.8536695602,0,0,0,0,758.8428761935941,758.8536695602
742.9448596612001,742.9448596612001,0,0,0,0,742.8611376351121,742.9448596612001
744.1848156164,744.1848156164,0,0,0,0,744.121742856824,744.1848156164
337.3498919062,337.3498919062,0,0,0,0,337.34067348365,337.34989190619996
14780.820241959998,14780.820241959998,0,0,0,0,14241.807547233637,14262.41484536
2530.3474890148,2530.3474890148,0,0,0,0,2527.36631276038,2530.3474890148
1104.0707820128,1104.0707820128,0,0,0,0,1104.06337602587,1104.0707820127998
10800.328185999999,10800.328185999999,0,0,0,0,10503.092186,10503.092186
203.1090353108,203.1090353108,0,0,0,0,203.099248158452,203.1090353108
19823.834317999997,19823.834317999997,0,0,0,0,19331.048317999997,19331.048317999997
721.124384752,721.124384752,0,0,0,0,721.10491669353,721.124384752
726.5473171226,726.5473171226,0,0,0,0,726.542142306416,726.5473171226
37853.12193,37853.12193,0,0,0,0,37094.387930000004,37094.387930000004
773.7137667108001,773.7137667108001,0,0,0,0,773.5466038986341,773.7137667108001
9259.190814000001,9259.190814000001,0,0,0,0,9121.062116000001,9121.062116000001
21127.949446,21127.949446,0,0,0,0,20635.163446,20635.163446
1036.1231955968,1036.1231955968,0,0,0,0,1036.1124209795282,1036.1231955968
68479.49806,68479.49806,0,0,0,0,67040.25006,67040.25006
1229.5731990085999,1229.5731990085999,0,0,0,0,1173.007452045302,1173.2995729188
383.76511817880004,383.76511817880004,0,0,0,0,383.762387025814,383.7651181788
1246.3420972548001,1246.3420972548001,0,0,0,0,1246.230001252236,1246.3420972548
19909.195804,19909.195804,0,0,0,0,19416.409804,19416.409804
1081.0534746166002,1081.0534746166002,0,0,0,0,1080.9138233271901,1081.0534746166
21076.316424,21076.316424,0,0,0,0,20583.530424,20583.530424
1155.3770845482,1155.3770845482,0,0,0,0,1155.3230489676118,1155.3770845482
1148.6604481316,1148.6604481316,0,0,0,0,1148.6067250399121,1148.6604481316
7402.6871301292,7402.6871301292,0,0,0,0,7398.859357930041,7402.6871301292
1251.38706511,1251.38706511,0,0,0,0,1251.2601358655581,1251.38706511
472.68445965160004,472.68445965160004,0,0,0,0,448.8823363830501,448.98717640899997
481.30790333600004,481.30790333600004,0,0,0,0,481.2503116317299,481.307903336
445.67291913560007,445.67291913560007,0,0,0,0,445.66025708537205,445.6729191356
751.9776638046001,751.9776638046001,0,0,0,0,751.972307744854,751.9776638046
805.5163870416,805.5163870416,0,0,0,0,805.4198529706119,805.5163870416
2761.0450491962,2761.0450491962,0,0,0,0,2760.8831799460004,2761.0450491962
8688.52116,8688.52116,0,0,0,0,8562.023776,8562.023776
657.0810346526,657.0810346526,0,0,0,0,657.0046561156619,657.0810346526
329.96827911040003,329.96827911040003,0,0,0,0,329.959173183854,329.9682791104
35225.978078,35225.978078,0,0,0,0,34514.176078,34514.176078
20425.0928713636,20425.0928713636,0,0,0,0,19730.914092611103,19764.268409763597
2511.300032,2511.300032,0,0,0,0,2511.300032,2511.300032
944.2380958920002,944.2380958920002,0,0,0,0,1036.7656379047241,1036.772355892
934.5605532300001,934.5605532300001,0,0,0,0,933.057331626328,933.063731399
424.4167991798,424.4167991798,0,0,0,0,424.39654989907996,424.4167991798
1359.5339979999999,1359.5339979999999,0,0,0,0,1359.5339979999999,1359.5339979999999
155.9933301654,155.9933301654,0,0,0,0,155.985890410896,155.9933301654
1166.3240212624,1166.3240212624,0,0,0,0,1166.192585599496,1166.3240212624
23813.992958,23813.992958,0,0,0,0,23180.410958,23180.410958
36196.10945,36196.10945,0,0,0,0,35046.27545,35046.27545
29250.603660000004,29250.603660000004,0,0,0,0,28272.853660000004,28272.853660000004
995.8996243888,995.8996243888,0,0,0,0,995.8724128553879,995.8996243887999
2283.4088904351997,2283.4088904351997,0,0,0,0,2282.98790538912,2283.4088904351997
3470.7079660740005,3470.7079660740005,0,0,0,0,3470.6282751547224,3470.707966074
1217.9404872172001,1217.9404872172001,0,0,0,0,1217.841196994114,1217.9404872172
1290.5822818890001,1290.5822818890001,0,0,0,0,1290.521927782854,1290.582281889
531.900806619,531.900806619,0,0,0,0,531.6070010900739,531.9008066189999
855.9145968336001,855.9145968336001,0,0,0,0,855.90850330005,855.9145968336001
655.7242078488,655.7242078488,0,0,0,0,655.7152394173698,655.7242078488
8053.898834,8053.898834,0,0,0,0,7937.875107999999,7937.875107999999
4342.157905159,4342.157905159,0,0,0,0,3970.349807120343,3970.8884929917995
1489.9015230008001,1489.9015230008001,0,0,0,0,1520.6894479605921,1521.3631714008002
424.0418124998,424.0418124998,0,0,0,0,424.03888135391793,424.04181249979996
412.916582682,412.916582682,0,0,0,0,412.913639036562,412.916582682
493.6312155964,493.6312155964,0,0,0,0,493.624197095706,493.6312155964
1123.0351083760002,1123.0351083760002,0,0,0,0,1123.019746421676,1123.0351083760002
1203.1522625136,1203.1522625136,0,0,0,0,1203.146006485822,1203.1522625136
1404.11152,1404.11152,0,0,0,0,1379.69744,1379.69744
744.0660698344,744.0660698344,0,0,0,0,744.002622088144,744.0660698344
293.1439621566,293.1439621566,0,0,0,0,293.129418923194,293.1439621566
976.2765714244,976.2765714244,0,0,0,0,940.0580392023619,940.1872283633999
6311.699638857,6311.699638857,0,0,0,0,5680.094784114416,5690.752515456999
1674.0622819102002,1674.0622819102002,0,0,0,0,1615.532474761296,1616.8659304615999
3906.564926,3906.564926,0,0,0,0,3423.861484,3423.861484
21449.605730000003,21449.605730000003,0,0,0,0,20808.20173,20808.20173
1041.256763246,1041.256763246,0,0,0,0,1041.20532757306,1041.256763246
1261.130203064,1261.130203064,0,0,0,0,1261.110541262412,1261.130203064
16498.350128000002,16498.350128000002,0,0,0,0,16005.564128000002,16005.564128000002
908.9852116984001,908.9852116984001,0,0,0,0,873.74965080998,873.9102076068
0.0,0.0,0,0,0,0,0.0,0.0
382.152050477,382.152050477,0,0,0,0,360.66912607758,360.749685716
769.8376543952,769.8376543952,0,0,0,0,769.6923908051459,769.8376543952
1289.507320073,1289.507320073,0,0,0,0,1289.461552948706,1289.5073200729998
1287.035532874,1287.035532874,0,0,0,0,1287.018277236942,1287.035532874
472.51884053460003,472.51884053460003,0,0,0,0,472.466067409168,472.5188405346
14593.857390000001,14593.857390000001,0,0,0,0,13741.259390000001,13741.259390000001
948.8337962264,948.8337962264,0,0,0,0,909.2519959718859,909.4964435388
128.7827056698,128.7827056698,0,0,0,0,128.754880617818,128.7827056698
9.723404612400001,9.723404612400001,0,0,0,0,9.72281088349,9.7234046124
535.7347200268,535.7347200268,0,0,0,0,535.6706160538539,535.7347200267999
665.6688546024001,665.6688546024001,0,0,0,0,665.664798496478,665.6688546024001
52245.554998,52245.554998,0,0,0,0,51259.982998,51259.982998
10974.07045,10974.07045,0,0,0,0,10629.90245,10629.90245
8785.568714,8785.568714,0,0,0,0,8269.316714,8269.316714
20819.942552,20819.942552,0,0,0,0,20037.742552,20037.742552
898.6249547078,898.6249547078,0,0,0,0,898.618554935128,898.6249547078
887.390353775,887.390353775,0,0,0,0,887.2903510772221,887.390353775
19.008699787,19.008699787,0,0,0,0,19.008524793215997,19.008699787
1411.1456143148,1411.1456143148,0,0,0,0,1333.729768275268,1335.7311177574002
1123.0688571772002,1123.0688571772002,0,0,0,0,1122.8322905803443,1123.0688571772
1546.8646881142,1546.8646881142,0,0,0,0,1546.5516169523419,1546.8646881142
5384.090087936399,5384.090087936399,0,0,0,0,5164.2690525225735,5167.6131091363995
859.9218035226,859.9218035226,0,0,0,0,812.7102596116142,813.7768187458001
504.11084334680004,504.11084334680004,0,0,0,0,504.1036061038761,504.11084334680004
5394.066844,5394.066844,0,0,0,0,5293.249086,5293.249086
425.0549015136,425.0549015136,0,0,0,0,425.03681465606803,425.0549015136
16394.513078,16394.513078,0,0,0,0,15541.915078000002,15541.915078000002
11638.932628,11638.932628,0,0,0,0,11341.696628,11341.696628
1335.722789674,1335.722789674,0,0,0,0,1333.261498652538,1335.722789674
81.49710512,81.49710512,0,0,0,0,81.490661598882,81.49710512
571.8590618446,571.8590618446,0,0,0,0,553.674870270028,553.7472052006
401.8244766876,401.8244766876,0,0,0,0,401.81876439050797,401.8244766876
40193.159272000004,40193.159272000004,0,0,0,0,39121.545272,39121.545272
10315.364185999999,10315.364185999999,0,0,0,0,10041.594186,10041.594186
402.6306980496,402.6306980496,0,0,0,0,402.62783565127603,402.63069804959997
543.1444568236001,543.1444568236001,0,0,0,0,543.079471631956,543.1444568236
920.1391904950001,920.1391904950001,0,0,0,0,920.132640727656,920.1391904950001
14780.72497,14780.72497,0,0,0,0,14563.609715999999,14563.609715999999
906.1503123976,906.1503123976,0,0,0,0,906.041616258624,906.1503123976
151.2021291096,151.2021291096,0,0,0,0,171.186487989958,171.2014187096
274.25650806280004,274.25650806280004,0,0,0,0,274.25260820132803,274.25650806280004
633.9587309860001,633.9587309860001,0,0,0,0,633.882689937074,633.958730986
65.0370648014,65.0370648014,0,0,0,0,65.03064627939402,65.0370648014
4149.2883105734,4149.2883105734,0,0,0,0,3958.280076199724,3966.9919073734
12869.904234000001,12869.904234000001,0,0,0,0,12702.536900000001,12702.536900000001
664.535769851,664.535769851,0,0,0,0,664.5074896055501,664.535769851
123.792477735,123.792477735,0,0,0,0,123.78922160066199,123.79247773499999
1842.9289783268002,1842.9289783268002,0,0,0,0,1784.1489585388558,1786.4840050693997
568.1216946006001,568.1216946006001,0,0,0,0,544.2755853944859,544.4019121572
24.5628774956,24.5628774956,0,0,0,0,4.557781851837999,4.563587895599999
458.9824659194,458.9824659194,0,0,0,0,449.40370141325593,449.6055946798
1322.9673815294,1322.9673815294,0,0,0,0,1322.9601317869199,1322.9673815294
772.5106844458,772.5106844458,0,0,0,0,772.4723608071041,772.5106844458
83.7520250224,83.7520250224,0,0,0,0,83.742006628266,83.75202502239999
1204.024816,1204.024816,0,0,0,0,1203.7467439000002,1204.024816
7493.890566000001,7493.890566000001,0,0,0,0,7306.162566000001,7306.162566000001
937.1360867438,937.1360867438,0,0,0,0,897.662382649574,897.8737313921999
13467.693675609598,13467.693675609598,0,0,0,0,12988.335371028275,12994.862379809598
260.5401202862,260.5401202862,0,0,0,0,260.519864755702,260.5401202862
3372.0642,3372.0642,0,0,0,0,2855.8122,2855.8122
45.6790024242,45.6790024242,0,0,0,0,45.678352447288,45.6790024242
468.13712117880004,468.13712117880004,0,0,0,0,468.113890753974,468.1371211788
7178.124248,7178.124248,0,0,0,0,6927.820248,6927.820248
4585.9603799999995,4585.9603799999995,0,0,0,0,4069.7083799999996,4069.7083799999996
349.6550798104,349.6550798104,0,0,0,0,349.63770542756,349.6550798104
8206.795468,8206.795468,0,0,0,0,7909.559468,7909.559468
268.9906164218,268.9906164218,0,0,0,0,275.45846508616796,275.4680146218
611.0120460812001,611.0120460812001,0,0,0,0,610.936898750528,611.0120460812001
22.716693074400002,22.716693074400002,0,0,0,0,22.716543079727998,22.716693074400002
860.2788168110001,860.2788168110001,0,0,0,0,860.214250354482,860.278816811
300.2462098758,300.2462098758,0,0,0,0,300.224973130156,300.24620987579993
1403.2495298062001,1403.2495298062001,0,0,0,0,1402.999744928874,1403.2495298062001
4425.3933035076,4425.3933035076,0,0,0,0,4280.73711983458,4288.671001107599
548.9860779072001,548.9860779072001,0,0,0,0,548.958840338496,548.9860779072001
948.6775517764,948.6775517764,0,0,0,0,948.643877972536,948.6775517763999
583.7798884018,583.7798884018,0,0,0,0,566.9881036171819,567.0542325181999
12717.735046,12717.735046,0,0,0,0,12420.499046,12420.499046
565.7199049152,565.7199049152,0,0,0,0,565.70784284366,565.7199049152
871.589816,871.589816,0,0,0,0,854.6395419999999,854.6395419999999
12957.227867917802,12957.227867917802,0,0,0,0,12957.07539833371,12957.227867917802
3442.899578863,3442.899578863,0,0,0,0,3442.8793108329455,3442.899578863
10826.477132,10826.477132,0,0,0,0,10552.707132,10552.707132
349.3488406884,349.3488406884,0,0,0,0,349.346353276756,349.34884068839995
610.2449378480001,610.2449378480001,0,0,0,0,610.1318147151501,610.2449378480001
8313.200210740999,8313.200210740999,0,0,0,0,7910.006197931026,7914.4268287410005
1884.8365705985998,1884.8365705985998,0,0,0,0,1585.47397467364,1588.6049153986
463.1441735346,463.1441735346,0,0,0,0,463.121199350672,463.14417353459993
345.4833529954,345.4833529954,0,0,0,0,345.45407278547003,345.4833529954
52198.60967322299,52198.60967322299,0,0,0,0,51315.916133086845,51406.759671823
60.8590882084,60.8590882084,0,0,0,0,60.852232201934,60.859088208399996
700.5639276636,700.5639276636,0,0,0,0,679.3776998981701,680.2545082788
153.0839372654,153.0839372654,0,0,0,0,153.078868695442,153.08393726539998
167.7590409872,167.7590409872,0,0,0,0,167.75784727960198,167.75904098719997
135.8042053186,135.8042053186,0,0,0,0,9.991192401553985,10.032564469199986
9196.278168417399,9196.278168417399,0,0,0,0,8833.563185873238,8837.3821246174
1350.152040896,1350.152040896,0,0,0,0,1350.103023887146,1350.152040896
551.0791749724,551.0791749724,0,0,0,0,550.9938155044761,551.0791749724
767.3733669298,767.3733669298,0,0,0,0,767.258333515932,767.3733669298
7306.936944,7306.936944,0,0,0,0,6876.726944,6876.726944
12960.889738000002,12960.889738000002,0,0,0,0,12413.349738,12413.349738
220.90652812140002,220.90652812140002,0,0,0,0,220.89374107561198,220.90652812140002
232.248000258,232.248000258,0,0,0,0,232.24530035390399,232.248000258
964.3601197118,964.3601197118,0,0,0,0,930.1511973558838,930.3807017035999
1378.7747741804,1378.7747741804,0,0,0,0,1378.728657068538,1378.7747741804
635.2280608978,635.2280608978,0,0,0,0,606.204073116466,606.2084667104001
7959.878394,7959.878394,0,0,0,0,7833.670424,7833.670424
224.5057752716,224.5057752716,0,0,0,0,224.496663095276,224.5057752716
225.3001220554,225.3001220554,0,0,0,0,225.290978630186,225.3001220554
923.2022066928,923.2022066928,0,0,0,0,923.0917481164279,923.2022066927999
931.1675487538,931.1675487538,0,0,0,0,931.141093443526,931.1675487537999
206.74703108460002,206.74703108460002,0,0,0,0,206.732181612072,206.7470310846
224.4632767812,224.4632767812,0,0,0,0,224.45287090083,224.4632767812
342.5022088894,342.5022088894,0,0,0,0,342.49247798505394,342.5022088894
67.5563503132,67.5563503132,0,0,0,0,67.553125427752,67.5563503132
1007.1117261208001,1007.1117261208001,0,0,0,0,1007.0842083482661,1007.1117261208
324.6222190092,324.6222190092,0,0,0,0,324.611981872836,324.6222190092
4429.1401713528,4429.1401713528,0,0,0,0,4428.855331470671,4429.140171352799
14934.70104,14934.70104,0,0,0,0,14693.079459999999,14693.079459999999
1828.4325517688,1828.4325517688,0,0,0,0,1768.1704236056262,1769.6846385688
3231.7495791774004,3231.7495791774004,0,0,0,0,3231.703162076194,3231.7495791774
1439.6182379438,1439.6182379438,0,0,0,0,1439.550909085406,1439.6182379437998
1002.4731408892,1002.4731408892,0,0,0,0,1002.277104102674,1002.4731408892
5404.9936328066005,5404.9936328066005,0,0,0,0,5404.972908542752,5404.9936328066005
594.6745014114,594.6745014114,0,0,0,0,570.799236990916,570.9397195007999
159.80369857099998,159.80369857099998,0,0,0,0,159.79771753345398,159.80369857099998
1165.0609286134002,1165.0609286134002,0,0,0,0,1165.053192749264,1165.0609286134
8821.33872,8821.33872,0,0,0,0,7968.740720000001,7968.740720000001
2289.1255623718,2289.1255623718,0,0,0,0,2289.103631900798,2289.1255623718
12402.610132,12402.610132,0,0,0,0,12105.374131999999,12105.374131999999
3976.3905488034,3976.3905488034,0,0,0,0,3976.031580648582,3976.3905488034
4414.4706924311995,4414.4706924311995,0,0,0,0,4414.4027635941175,4414.4706924311995
9404.415086770998,9404.415086770998,0,0,0,0,9041.164722477688,9045.519042971
146.68603952680002,146.68603952680002,0,0,0,0,146.630247758594,146.6860395268
2478.842196,2478.842196,0,0,0,0,2408.9791960000002,2408.9791960000002
8879.331028,8879.331028,0,0,0,0,8726.935002,8726.935002
106.89002509640002,106.89002509640002,0,0,0,0,13.336500222500012,13.370275227400013
150.0896686256,150.0896686256,0,0,0,0,150.076944077592,150.0896686256
5600.86488,5600.86488,0,0,0,0,5350.56088,5350.56088
948.6719269762001,948.6719269762001,0,0,0,0,948.6248536483041,948.6719269762001
194.9443253316,194.9443253316,0,0,0,0,194.92381980998198,194.9443253316
120.455096283,120.455096283,0,0,0,0,120.453446341608,120.45509628299999
317.29943,317.29943,0,0,0,0,311.401642,311.401642
478.53987665980003,478.53987665980003,0,0,0,0,458.559692631146,458.6812070648
8555.867862,8555.867862,0,0,0,0,8125.657861999999,8125.657861999999
1592.1103212326,1592.1103212326,0,0,0,0,1591.826912549634,1592.1103212326
155.9769595016,155.9769595016,0,0,0,0,155.97474083040998,155.9769595016
4354.879684179,4354.879684179,0,0,0,0,4354.854047589644,4354.879684179
2334.2320851312,2334.2320851312,0,0,0,0,2334.182624388108,2334.2320851311997
4222.4462633812,4222.4462633812,0,0,0,0,4054.554964591963,4054.9522129811994
2490.379166093,2490.379166093,0,0,0,0,2490.17346243302,2490.379166093
686.7606053968,686.7606053968,0,0,0,0,686.7265316071439,686.7606053968
1413.6691596878,1413.6691596878,0,0,0,0,1413.6394857418559,1413.6691596878
875.868888032,875.868888032,0,0,0,0,875.8564259746679,875.868888032
973.1791814476001,973.1791814476001,0,0,0,0,973.1308956627719,973.1791814476
20530.395578,20530.395578,0,0,0,0,20037.609578,20037.609578
872.1827689676,872.1827689676,0,0,0,0,872.1703631582699,872.1827689676
13117.478356,13117.478356,0,0,0,0,12569.938356,12569.938356
977.2084133242,977.2084133242,0,0,0,0,977.114022927066,977.2084133242
399.4751851374,399.4751851374,0,0,0,0,399.467972893588,399.4751851374
1512.568146671,1512.568146671,0,0,0,0,1455.460500206656,1455.7976632302
1239.5053462062,1239.5053462062,0,0,0,0,1239.499233923316,1239.5053462061999
966.1944295548001,966.1944295548001,0,0,0,0,966.1193072232401,966.1944295548001
404.77062203680003,404.77062203680003,0,0,0,0,404.67738784859597,404.77062203680003
957.0716286082001,957.0716286082001,0,0,0,0,957.0535667497801,957.0716286082
1011.998427539,1011.998427539,0,0,0,0,1011.80799680334,1011.998427539
7535.394098,7535.394098,0,0,0,0,7397.554814000001,7397.554814000001
461.321113292,461.321113292,0,0,0,0,461.3169446900739,461.321113292
29367.073239999998,29367.073239999998,0,0,0,0,28584.873239999997,28584.873239999997
260.8069858068,260.8069858068,0,0,0,0,260.776968123066,260.8069858068
2943.3871133212,2943.3871133212,0,0,0,0,2943.335192347914,2943.3871133212
352.40685706380003,352.40685706380003,0,0,0,0,352.38910769428,352.40685706380003
14059.96678,14059.96678,0,0,0,0,13559.66156962,13567.18078
1446.6992364178,1446.6992364178,0,0,0,0,1446.5723346755099,1446.6992364178
858.4413820789999,858.4413820789999,0,0,0,0,804.114849325988,804.3601781115999
1570.0658031240002,1570.0658031240002,0,0,0,0,1567.654628657754,1570.0658031240002
168.4965147912,168.4965147912,0,0,0,0,141.193834616848,141.2449828
1130.8928275389999,1130.8928275389999,0,0,0,0,714.7616947349301,715.0291577390001
1002.2168999912001,1002.2168999912001,0,0,0,0,1002.1671767574321,1002.2168999912001
998.0257988644,998.0257988644,0,0,0,0,997.9412143689481,998.0257988643999
333.66627275300004,333.66627275300004,0,0,0,0,333.6487733746,333.666272753
494.010577121,494.010577121,0,0,0,0,494.00355237052804,494.01057712100004
833.1591551356,833.1591551356,0,0,0,0,876.86625885413,876.9076011356001
2262.7365584096,2262.7365584096,0,0,0,0,2158.0026463451823,2160.0984825602
11167.78228,11167.78228,0,0,0,0,10846.59860124,10870.54628
1448.5591703506002,1448.5591703506002,0,0,0,0,1448.5516331183321,1448.5591703506002
597.6681450734001,597.6681450734001,0,0,0,0,597.655401776058,597.6681450734
904.6991139460001,904.6991139460001,0,0,0,0,904.686245653098,904.699113946
103.8531860038,103.8531860038,0,0,0,0,103.84148641938398,103.8531860038
367.6663150286,367.6663150286,0,0,0,0,367.635153635492,367.6663150286
354.481158382,354.481158382,0,0,0,0,354.463571506708,354.481158382
1631.401425563,1631.401425563,0,0,0,0,1631.1267790687898,1631.4014255629997
104717.645,104717.645,0,0,0,0,103530.20675,103530.20675
589.5809323414,589.5809323414,0,0,0,0,589.5103848473359,589.5809323414
508.5608902192,508.5608902192,0,0,0,0,508.213535114012,508.56089021919996
716.1108128404001,716.1108128404001,0,0,0,0,716.071401740332,716.1108128404001
485.44400641640004,485.44400641640004,0,0,0,0,485.385858481888,485.4440064164
1487.2434212372002,1487.2434212372002,0,0,0,0,1487.2135285490263,1487.2434212372002
333.11691726680004,333.11691726680004,0,0,0,0,333.10149906447407,333.11691726680004
5491.730417263399,5491.730417263399,0,0,0,0,5008.236376969728,5018.8991214634
7222.506276,7222.506276,0,0,0,0,7034.778276,7034.778276
2362.9273158404003,2362.9273158404003,0,0,0,0,2362.8572870779103,2362.9273158404003
2405.7432949628,2405.7432949628,0,0,0,0,2405.693309238356,2405.7432949628
2444.6875366142,2444.6875366142,0,0,0,0,2444.36989164735,2444.6875366142
405.97728503250005,405.97728503250005,0,0,0,0,405.973673207325,405.9772850325
487.78829814420004,487.78829814420004,0,0,0,0,487.76383026333,487.78829814420004
252.6016522706,252.6016522706,0,0,0,0,252.571428344192,252.60165227059997
1537.9653695296001,1537.9653695296001,0,0,0,0,1483.2805245042919,1483.5991756853998
894.7357178584001,894.7357178584001,0,0,0,0,894.7293493346181,894.7357178584
1481.4280028082,1481.4280028082,0,0,0,0,1481.388329217456,1481.4280028081998
983.3156963858,983.3156963858,0,0,0,0,983.2877598781399,983.3156963857999
77583.359598,77583.359598,0,0,0,0,75025.565598,75025.565598
194.38934504520003,194.38934504520003,0,0,0,0,166.838123699344,166.9140710016
6312.4516115202,6312.4516115202,0,0,0,0,6119.189851797216,6130.1552083202
379.44964646980003,379.44964646980003,0,0,0,0,379.414828956562,379.44964646980003
545.142459225,545.142459225,0,0,0,0,544.2511044586979,545.142459225
13356.0200383618,13356.0200383618,0,0,0,0,12969.089029487053,12997.1239945618
503.03525655300007,503.03525655300007,0,0,0,0,502.96112168636404,503.035256553
972.0417218516,972.0417218516,0,0,0,0,972.0348033473541,972.0417218516
3643.5837003098004,3643.5837003098004,0,0,0,0,3643.5408268327196,3643.5837003098
6619.547406,6619.547406,0,0,0,0,5765.444687859999,5766.949406
7720.143490568601,7720.143490568601,0,0,0,0,7666.688484320321,7670.992067684399
30.838279585400002,30.838279585400002,0,0,0,0,30.835667178195997,30.838279585400002
252.37103546240002,252.37103546240002,0,0,0,0,252.353186096432,252.3710354624
304.6710526998,304.6710526998,0,0,0,0,304.63671641946803,304.6710526998
505.2845516552,505.2845516552,0,0,0,0,505.25947754586394,505.28455165519995
8620.477582,8620.477582,0,0,0,0,8104.225582,8104.225582
1430.5973083786,1430.5973083786,0,0,0,0,1430.589477406766,1430.5973083786
1422.8913321046,1422.8913321046,0,0,0,0,1474.058495832386,1474.1395117046
1011.9609288710001,1011.9609288710001,0,0,0,0,1011.804790667226,1011.960928871
6055.1047330704005,6055.1047330704005,0,0,0,0,6004.5449636000885,6007.713606789601
1530.1693964524002,1530.1693964524002,0,0,0,0,1530.138472550856,1530.1693964524002
446.6141357024,446.6141357024,0,0,0,0,470.34113038961203,470.3632921024
10495.473558,10495.473558,0,0,0,0,10245.169558,10245.169558
1515.1118063170002,1515.1118063170002,0,0,0,0,1514.80516095943,1515.1118063170002
1318.9550240534,1318.9550240534,0,0,0,0,1417.6360750279619,1417.7015164533998
10453.00792,10453.00792,0,0,0,0,9598.15921772,9600.40992
268.19984820300004,268.19984820300004,0,0,0,0,268.14923750075604,268.19984820300004
573.0702688210001,573.0702688210001,0,0,0,0,573.0265641234461,573.0702688210001
2503.6644983113997,2503.6644983113997,0,0,0,0,2189.675635313818,2190.3425553114002
1016.9001284244,1016.9001284244,0,0,0,0,1016.892891181476,1016.9001284243999
4765.569785403999,4765.569785403999,0,0,0,0,4620.655595352826,4628.8474830039995
62.09591927460001,62.09591927460001,0,0,0,0,62.09468806833401,62.09591927460001
530.0655464030001,530.0655464030001,0,0,0,0,530.039247337176,530.065546403
225.8738516758,225.8738516758,0,0,0,0,225.86746440268402,225.87385167579998
256.91441849999995,256.91441849999995,0,0,0,0,253.12127085,253.16002799999998
1712.97040313,1712.97040313,0,0,0,0,1712.82522078706,1712.97040313
1379.4235011368,1379.4235011368,0,0,0,0,1379.38581497546,1379.4235011368
1011.8978061132001,1011.8978061132001,0,0,0,0,1011.8906063689441,1011.8978061132
5384.4887361664005,5384.4887361664005,0,0,0,0,5384.476986583761,5384.4887361664
626.8271093102001,626.8271093102001,0,0,0,0,602.9578196774839,603.0973272219999
237.61655956,237.61655956,0,0,0,0,237.588129319878,237.61655956
1480.2617942334,1480.2617942334,0,0,0,0,1480.253682021556,1480.2617942334
7377.1248302182,7377.1248302182,0,0,0,0,7167.383955478704,7168.4353681311995
23603.666567982404,23603.666567982404,0,0,0,0,23603.587370795583,23603.6665679824
78924.99686,78924.99686,0,0,0,0,76758.30286,76758.30286
1953.5412327506,1953.5412327506,0,0,0,0,1953.530533130664,1953.5412327506
1555.7153640274003,1555.7153640274003,0,0,0,0,1498.4986401876222,1498.8267597824001
7077.49859832,7077.49859832,0,0,0,0,7077.4748491636,7077.4985983199995
19350.88491,19350.88491,0,0,0,0,19032.787636,19032.787636
16969.9309566412,16969.9309566412,0,0,0,0,16969.874027413396,16969.930956641198
25913.3713993526,25913.3713993526,0,0,0,0,25913.28445869084,25913.371399352596
6701.718196514001,6701.718196514001,0,0,0,0,6522.200691952262,6526.6981634464
994.3659288676,994.3659288676,0,0,0,0,994.358854118904,994.3659288675999
490.7894415398,490.7894415398,0,0,0,0,490.785947913898,490.78944153979995
846.4474331192,846.4474331192,0,0,0,0,846.2615522219239,846.4474331191999
53636.9169009458,53636.9169009458,0,0,0,0,45997.805095069256,46043.1323551458
16058.6495765056,16058.6495765056,0,0,0,0,16058.59570341924,16058.649576505599
695.0571856918,695.0571856918,0,0,0,0,695.0325178180339,695.0571856918
24268.391081129,24268.391081129,0,0,0,0,23566.95370331967,23569.2152917352
2385.8733757674004,2385.8733757674004,0,0,0,0,2385.863244877262,2385.8733757674004
18480.501674263403,18480.501674263403,0,0,0,0,18480.44473253604,18480.5016742634
571.676568327,571.676568327,0,0,0,0,571.673830924236,571.6765683269999
365.9132522996,365.9132522996,0,0,0,0,365.91217108800595,365.9132522996
119.45064494999998,119.45064494999998,0,0,0,0,115.3859787405,115.40589644999999
211.12812824999997,211.12812824999997,0,0,0,0,211.12707306599998,211.12812825
13009.58918285,13009.58918285,0,0,0,0,12671.257554384,12685.03118285
9171.486717220001,9171.486717220001,0,0,0,0,9171.459711929261,9171.48671722
99668.854818,99668.854818,0,0,0,0,97056.306818,97056.306818
80775.549086,80775.549086,0,0,0,0,76801.973086,76801.973086
63111.4085527954,63111.4085527954,0,0,0,0,63111.4085527954,63111.4085527954
986.7693237086,986.7693237086,0,0,0,0,986.7622989581281,986.7693237086
5263.926768679601,5263.926768679601,0,0,0,0,5263.902982024531,5263.9267686796
1734.334563025,1734.334563025,0,0,0,0,1734.3250654380001,1734.334563025
1031.5846068132,1031.5846068132,0,0,0,0,1031.4611799474778,1031.5846068132
984.2256640626,984.2256640626,0,0,0,0,984.2186580614621,984.2256640626
983.0050824192,983.0050824192,0,0,0,0,982.9980889176179,983.0050824191999
8913.2215161258,8913.2215161258,0,0,0,0,8913.191610938069,8913.2215161258
4922.5513947636,4922.5513947636,0,0,0,0,4922.536901528418,4922.551394763599
345.6277228672,345.6277228672,0,0,0,0,345.588774250704,345.6277228672
45609.988699184,45609.988699184,0,0,0,0,45553.270500017104,45609.988699184
215.764210783,215.764210783,0,0,0,0,215.71612499106797,215.76421078299998
7348.564594713801,7348.564594713801,0,0,0,0,7347.259416075392,7348.5645947138
218.1028777106,218.1028777106,0,0,0,0,218.077772352374,218.1028777106
462.2223312796,462.2223312796,0,0,0,0,462.125622214828,462.2223312796
257.55335138000004,257.55335138000004,0,0,0,0,237.9777967284,238.03841957499998
724.3923640639998,724.3923640639998,0,0,0,0,724.24080155464,724.3923640639999
28952.991866871802,28952.991866871802,0,0,0,0,28948.770861081342,28952.9918668718
250.8173406516,250.8173406516,0,0,0,0,250.77179851931396,250.81734065159998
1531.3962278738,1531.3962278738,0,0,0,0,1535.5874727454939,1536.0416878612002
150.01467128960002,150.01467128960002,0,0,0,0,149.99730940631602,150.01467128960002
5699.8056607114,5699.8056607114,0,0,0,0,5697.506798619883,5699.8056607114
172.60761875960003,172.60761875960003,0,0,0,0,172.57627612293,172.6076187596
1299.6344603442,1299.6344603442,0,0,0,0,1299.4880030465479,1299.6344603441999
364.32681381460003,364.32681381460003,0,0,0,0,274.516133196032,274.6546384764
414.32214915000003,414.32214915000003,0,0,0,0,414.24691879662,414.32214915000003
585.0913499522001,585.0913499522001,0,0,0,0,516.5428954868,517.5450415226001
1171.7590026418002,1171.7590026418002,0,0,0,0,1171.626707341096,1171.7590026418
4668.71714,4668.71714,0,0,0,0,4409.988846,4409.988846
300.9380603004,300.9380603004,0,0,0,0,300.92412954523803,300.9380603004
4073.0278209128005,4073.0278209128005,0,0,0,0,4072.4219111854777,4073.0278209128005
1830.4756041970002,1830.4756041970002,0,0,0,0,1830.09261780116,1830.4756041970002
6333.165040333799,6333.165040333799,0,0,0,0,6113.147010869266,6116.688061533799
41212.898617469196,41212.898617469196,0,0,0,0,39394.310895466144,39418.4183984692
17658.689073999998,17658.689073999998,0,0,0,0,17111.149073999997,17111.149073999997
4584.665432256,4584.665432256,0,0,0,0,4577.55491464908,4584.665432256001
4932.4260440036,4932.4260440036,0,0,0,0,4932.228188531676,4932.4260440036
352.62372436040005,352.62372436040005,0,0,0,0,352.582094589142,352.6237243604
6296.3425959668,6296.3425959668,0,0,0,0,6295.687081751492,6296.3425959668
331.3363555146,331.3363555146,0,0,0,0,331.335630540352,331.3363555146
374.88605857420004,374.88605857420004,0,0,0,0,374.86562804991803,374.88605857420004
558.9382708074,558.9382708074,0,0,0,0,558.930627328906,558.9382708073999
8361.615039796201,8361.615039796201,0,0,0,0,8478.377989256447,8480.072772735199
179.8579862174,179.8579862174,0,0,0,0,179.837280702886,179.8579862174
4614.011104504,4614.011104504,0,0,0,0,4613.530740317142,4614.011104504
1377.8848057932,1377.8848057932,0,0,0,0,1377.865956462752,1377.8848057931998
4266.760204,4266.760204,0,0,0,0,3961.7022039999997,3961.7022039999997
243.0676159316,243.0676159316,0,0,0,0,277.439663743094,277.4413949315999
9664.8885659638,9664.8885659638,0,0,0,0,9663.018057406623,9664.8885659638
687.403707553,687.403707553,0,0,0,0,687.3943016371101,687.403707553
194.3237223762,194.3237223762,0,0,0,0,194.288436129612,194.32372237619998
38.746123688800004,38.746123688800004,0,0,0,0,38.73909268855001,38.746123688800004
207.68699769580002,207.68699769580002,0,0,0,0,207.66359227719,207.6869976958
3321.953174938,3321.953174938,0,0,0,0,3036.015968529582,3037.1150449379998
4464.868277245399,4464.868277245399,0,0,0,0,4464.606592790761,4464.868277245399
306.7541037072,306.7541037072,0,0,0,0,306.719536185082,306.7541037072
2084.791570573,2084.791570573,0,0,0,0,2084.551404104016,2084.791570573
1819.3316250452,1819.3316250452,0,0,0,0,1758.801631396946,1759.181261662
66.9369973134,66.9369973134,0,0,0,0,66.92484149519,66.9369973134
1808.8269981828,1808.8269981828,0,0,0,0,1808.622261705298,1808.8269981828
15893.773964071597,15893.773964071597,0,0,0,0,14966.255162579218,14982.2919480716
2807.3561990656003,2807.3561990656003,0,0,0,0,2806.7688193433983,2807.3561990656003
8262.115894219,8262.115894219,0,0,0,0,8227.997156159623,8229.6089239076
826.0191013438,826.0191013438,0,0,0,0,824.6694706548479,826.0191013438
442.3355376836,442.3355376836,0,0,0,0,442.242397242066,442.3355376836
30432.909052726598,30432.909052726598,0,0,0,0,29222.25306061132,29253.6791945266
14109.699056,14109.699056,0,0,0,0,12600.053056,12600.053056
118.05080668640001,118.05080668640001,0,0,0,0,118.02936994786,118.05080668640001
326.3184087584,326.3184087584,0,0,0,0,326.259154613182,326.3184087584
1586.0511614616,1586.0511614616,0,0,0,0,1585.763177941138,1586.0511614616
86.600048857,86.600048857,0,0,0,0,86.582043246582,86.600048857
1131.3395935842002,1131.3395935842002,0,0,0,0,1129.617447724766,1131.3395935842002
117.0002190046,117.0002190046,0,0,0,0,116.97896975940002,117.00021900460001
289.21910157260004,289.21910157260004,0,0,0,0,268.58183463436006,268.6454573744
112.89446219999999,112.89446219999999,0,0,0,0,112.87084134299998,112.89446219999999
3427.1057648792003,3427.1057648792003,0,0,0,0,3427.0121307052036,3427.1057648792
243.2682338054,243.2682338054,0,0,0,0,243.21722936714198,243.2682338054
249295.95999999996,249295.95999999996,0,0,0,0,242736.21,242736.21
2677.5676459896004,2677.5676459896004,0,0,0,0,2676.9407911520816,2677.5676459896
360.40969779280005,360.40969779280005,0,0,0,0,360.334287971452,360.40969779280005
58149.470672233394,58149.470672233394,0,0,0,0,57160.32600196298,57180.34311548399
924.0600751564,924.0600751564,0,0,0,0,940.046173619462,940.7162419564
5266.98281,5266.98281,0,0,0,0,4695.14290658,4697.111
276.5833004122,276.5833004122,0,0,0,0,276.552007773754,276.58330041219995
1897.2441195413996,1897.2441195413996,0,0,0,0,1400.827770836392,1401.6257733414
258.37207229800003,258.37207229800003,0,0,0,0,258.31835545609005,258.37207229800003
93.2835614502,93.2835614502,0,0,0,0,93.282923972844,93.2835614502
382.37016772920003,382.37016772920003,0,0,0,0,382.290164321022,382.3701677292
3328.8711292974003,3328.8711292974003,0,0,0,0,3328.5540593101264,3328.8711292974
232.073006474,232.073006474,0,0,0,0,232.06508800527402,232.073006474
20835.117232,20835.117232,0,0,0,0,19169.031232,19169.031232
270604.538286,270604.538286,0,0,0,0,264120.100286,264120.100286
3315.4866047326,3315.4866047326,0,0,0,0,3315.098787258366,3315.4866047326004
170.9320532778,170.9320532778,0,0,0,0,170.901016880252,170.93205327780004
7710.168866000001,7710.168866000001,0,0,0,0,6945.95289552,6951.4348660000005
170.7451849156,170.7451849156,0,0,0,0,170.71418601672,170.7451849156
25152.485776,25152.485776,0,0,0,0,24417.217776,24417.217776
274.4233771354,274.4233771354,0,0,0,0,274.366322912038,274.4233771354
185.693403936,185.693403936,0,0,0,0,185.690866526132,185.69340393599998
5614.9174260486,5614.9174260486,0,0,0,0,5613.9335172482815,5614.9174260486
6044.2215516244,6044.2215516244,0,0,0,0,5826.161791132221,5827.3548800022
797.6194116072,797.6194116072,0,0,0,0,848.5075730036359,848.5132546071999
402.2244624796,402.2244624796,0,0,0,0,402.179139089544,402.22446247959994
2372.7044685436003,2372.7044685436003,0,0,0,0,2372.437090541204,2372.7044685436003
8429.4174514566,8429.4174514566,0,0,0,0,8428.431448980651,8429.417451456598
5868.575915779001,5868.575915779001,0,0,0,0,5867.440674854191,5868.575915779
23672.943482179002,23672.943482179002,0,0,0,0,23669.114974422424,23672.943482179
29164.5102897972,29164.5102897972,0,0,0,0,29159.79365733794,29164.5102897972
516.796704,516.796704,0,0,0,0,516.796704,516.796704
283.1293178894,283.1293178894,0,0,0,0,283.115805869364,283.12931788939994
285.129216,285.129216,0,0,0,0,287.10927999999996,287.10927999999996
445.51439999999997,445.51439999999997,0,0,0,0,445.5143999999999,445.5143999999999
31288.0,31288.0,0,0,0,0,31288.0,31288.0
107.24700479999998,107.24700479999998,0,0,0,0,107.22456583799999,107.24700479999998
160.47760049999997,160.47760049999997,0,0,0,0,160.44655700324998,160.47760049999997
403.4562937234,403.4562937234,0,0,0,0,403.371877971954,403.4562937234
4998.4461988844,4998.4461988844,0,0,0,0,4997.479276980685,4998.4461988844
372.027410117,372.027410117,0,0,0,0,347.55484191349996,347.69889929639993
1685.6226245576,1685.6226245576,0,0,0,0,1684.8940379379158,1685.6226245576
972.5348834999999,972.5348834999999,0,0,0,0,972.3621512699999,972.5348834999999
23517.750352,23517.750352,0,0,0,0,22852.880352,22852.880352
13040.2974171826,13040.2974171826,0,0,0,0,13039.05184267698,13040.297417182599
275.53771255280003,275.53771255280003,0,0,0,0,275.533943936666,275.53771255280003
370.9030750548,370.9030750548,0,0,0,0,398.399460848484,398.40209825479997
396.80465499800005,396.80465499800005,0,0,0,0,396.799223940918,396.804654998
1266.7131297514002,1266.7131297514002,0,0,0,0,1266.5250864309362,1266.7131297514
723.1474378906,723.1474378906,0,0,0,0,723.05297249613,723.1474378906
4962.3899796468,4962.3899796468,0,0,0,0,4962.099133728014,4962.3899796467995
334.95747688780006,334.95747688780006,0,0,0,0,334.88513570745,334.9574768878
1944.4845508500002,1944.4845508500002,0,0,0,0,1944.170078715,1944.4845508500002
391.9104538462,391.9104538462,0,0,0,0,391.852274662798,391.91045384619997
20919.203732,20919.203732,0,0,0,0,20043.44651084,20050.961732
315.0469341354,315.0469341354,0,0,0,0,314.98105522550196,315.0469341354
224.360780422,224.360780422,0,0,0,0,224.35924922639,224.360780422
1898.5088125716002,1898.5088125716002,0,0,0,0,1898.2948701711039,1898.5088125716
2851.8418239802,2851.8418239802,0,0,0,0,2851.520454145662,2851.8418239802
419.99383128920005,419.99383128920005,0,0,0,0,419.94650172040605,419.99383128920005
2405.452055308,2405.452055308,0,0,0,0,2405.04710094249,2405.4520553079997
389.2249242396,389.2249242396,0,0,0,0,365.44221903129596,365.5601398426
497.266711459,497.266711459,0,0,0,0,497.162671404634,497.266711459
411.854120422,411.854120422,0,0,0,0,411.848489372022,411.854120422
5547.0342123460005,5547.0342123460005,0,0,0,0,5546.780065123629,5547.0342123460005
435.8957664324,435.8957664324,0,0,0,0,435.851436757046,435.8957664324
618.8392680484001,618.8392680484001,0,0,0,0,618.8013568950521,618.8392680484001
5303.958471703,5303.958471703,0,0,0,0,5303.935228778619,5303.958471703
2356.531918013,2356.531918013,0,0,0,0,2356.276470836806,2356.5319180129995
1875.7558707848,1875.7558707848,0,0,0,0,1875.691848058968,1875.7558707848
1463.569887151,1463.569887151,0,0,0,0,1463.4112365364701,1463.569887151
1545.7388434060001,1545.7388434060001,0,0,0,0,1545.71753166302,1545.7388434060001
1487.9865198414002,1487.9865198414002,0,0,0,0,1487.6869242334142,1487.9865198414002
456.5781567678,456.5781567678,0,0,0,0,456.495259712408,456.5781567678
1517.5998429388,1517.5998429388,0,0,0,0,1569.400584161114,1569.4730003388
12173.2382162194,12173.2382162194,0,0,0,0,12171.970854987672,12173.2382162194
14223.642679104398,14223.642679104398,0,0,0,0,13794.69365954745,13802.082246704396
1600.3262793914,1600.3262793914,0,0,0,0,1600.088712830064,1600.3262793914
6051.4744189934,6051.4744189934,0,0,0,0,6050.843966387873,6051.4744189934
7328.5703049362,7328.5703049362,0,0,0,0,7551.5991389206165,7551.687379536199
7565.291896286601,7565.291896286601,0,0,0,0,7563.828429520786,7565.2918962866
2272.8205165476,2272.8205165476,0,0,0,0,2272.362901552662,2272.8205165476
2575.8753766566,2575.8753766566,0,0,0,0,2575.356745079048,2575.8753766566
10791.156059521401,10791.156059521401,0,0,0,0,10790.110821649569,10791.156059521401
5265.128600989,5265.128600989,0,0,0,0,5263.919362692671,5265.128600989
3135.6173689148004,3135.6173689148004,0,0,0,0,3134.9851851207663,3135.6173689148
2979.8822758218,2979.8822758218,0,0,0,0,2979.282303383578,2979.8822758218
8197.8606766454,8197.8606766454,0,0,0,0,8196.274845476124,8197.8606766454
559.1638877932,559.1638877932,0,0,0,0,559.0995338291341,559.1638877932
2341.8959164692,2341.8959164692,0,0,0,0,2341.815985375412,2341.8959164692
23048.2974554378,23048.2974554378,0,0,0,0,23044.566177964967,23048.297455437798
3931.8676896044003,3931.8676896044003,0,0,0,0,3931.6800763922506,3931.8676896044
6320.9533026458,6320.9533026458,0,0,0,0,6320.2671981216035,6320.9533026458
612.4278210414001,612.4278210414001,0,0,0,0,612.361436963276,612.4278210414001
3962.5779598132003,3962.5779598132003,0,0,0,0,3962.148406524854,3962.5779598132
3306.7265865816007,3306.7265865816007,0,0,0,0,3306.367905282989,3306.7265865816003
3229.1273561456,3229.1273561456,0,0,0,0,3314.8341793468717,3315.1842179456003
3118.3416387032003,3118.3416387032003,0,0,0,0,3118.0036017979937,3118.3416387032
1818.2491658422002,1818.2491658422002,0,0,0,0,1818.199493451432,1818.2491658422002
1830.9902081016,1830.9902081016,0,0,0,0,1830.609512902534,1830.9902081015998
689.9567254398,689.9567254398,0,0,0,0,689.877312537868,689.9567254398
1002.2348686896,1002.2348686896,0,0,0,0,1002.0522060603599,1002.2348686895999
